<?xml version="1.0" encoding="utf-8"?>
<extension version="3.1" type="plugin" group="system" method="upgrade">
	<name>plg_system_loadimageonscroll</name>
	<author>KWProductions Co.</author>
	<creationDate>Oct 24 2020</creationDate>
	<copyright>(C) 2020-2025.Kian William Productions Co. All rights reserved.</copyright>
	<authorEmail>webarchitect@kwproductions121.com</authorEmail>
	<authorUrl>https://kwproductions121.com</authorUrl>
	<version>1.0.0</version>
    <license>GNU General Public License version 2 or later</license>
	<description><![CDATA[ This plugin is developed by <a href="https://kwproductions121.com">KWProductions Co.</a> In case of any problem contact us: webarchitect@kwproductions121.com <br />In case you are using cache extensions in your site or joomla cache itself, clear them first. ]]></description>
    <scriptfile>install.script.php</scriptfile>
	<files>
		<filename plugin="loadimageonscroll">loadimageonscroll.php</filename>		
		<filename>index.html</filename>
		
	</files>
     	
	<updateservers>
		<server type="collection" name="loadimageonscroll"><![CDATA[https://www.extensions.kwproductions121.com/myextensions.xml]]></server>
     </updateservers>
	<config>
		<fields name="params">
			<fieldset name="basic">
                <field name="loadtype" type="radio" default="lazy" label="PLG_SYSTEM_LOADIMAGEONSCROLL_LOADTYPE_LABEL" description="PLG_SYSTEM_LOADIMAGEONSCROLL_LOADTYPE_DESC">
					<option value="auto">Auto</option>
					<option value="lazy">Lazy</option>
                    <option value="eager">Eager</option>
                </field>
				<field name="exclude" type="text"  label="PLG_SYSTEM_LOADIMAGEONSCROLL_EXCLUDE_LABEL" description="PLG_SYSTEM_LOADIMAGEONSCROLL_EXCLUDE_DESC" />
				<field name="allowed_pages" type="text" default="" label="PLG_SYSTEM_LOADIMAGEONSCROLL_ALLOWED_PAGES_LABEL" description="PLG_SYSTEM_LOADIMAGEONSCROLL_ALLOWED_PAGES_DESC" />
				
			</fieldset>
		</fields>
	</config>
</extension>
